Increase_muscle,1962-07-09,2017-12-26
Increase_muscle,2010-10-03,1979-07-24
Reduce_fat,1903-05-29,2061-08-02
Reduce_fat,1995-11-20,1919-05-30
Increase_muscle,1916-03-04,1924-02-13
Increase_muscle,2060-03-26,1996-01-11
Reduce_fat,1900-02-18,1923-09-02
Reduce_fat,2068-08-10,1920-11-05
Reduce_fat,1948-11-21,1944-03-28
Increase_muscle,1966-09-26,1965-03-08
Reduce_fat,1981-04-03,1936-09-11
Increase_muscle,2012-12-24,1947-01-23
Increase_muscle,1932-12-13,2068-08-14
Reduce_fat,2030-05-07,1917-06-05
Reduce_fat,1918-07-05,2068-02-21
Reduce_fat,1974-01-30,2037-03-13
Reduce_fat,2057-09-09,1933-09-15
Reduce_fat,1973-04-29,2029-12-08
Reduce_fat,2021-09-19,2020-06-26
Reduce_fat,2067-08-23,2039-02-28
Increase_muscle,1989-11-29,2063-04-28
Increase_muscle,1939-07-17,2047-04-25
Reduce_fat,1975-11-13,1977-05-03
Reduce_fat,1935-08-24,1998-04-04
Increase_muscle,2053-04-28,2001-01-22
Increase_muscle,1907-12-04,1916-11-30
Increase_muscle,2058-02-08,2009-05-22
Increase_muscle,2044-05-10,2058-08-13
Reduce_fat,1959-03-02,2043-02-28
Increase_muscle,2006-07-31,1954-07-20
Reduce_fat,2070-04-23,2049-01-24
Increase_muscle,1945-02-18,2038-09-25
Increase_muscle,2035-04-25,1996-01-07
Reduce_fat,2070-08-30,1982-11-21
Reduce_fat,1988-11-03,1969-06-11
Increase_muscle,1967-10-13,1931-05-10
Reduce_fat,1968-09-28,1956-09-07
Increase_muscle,1978-07-23,1945-06-20
Increase_muscle,1920-02-05,2034-05-10
Reduce_fat,2029-06-25,1901-03-17
Reduce_fat,1968-06-12,2029-04-12
Increase_muscle,1959-01-15,1929-10-12
Reduce_fat,1935-01-16,1927-04-17
Increase_muscle,1935-05-21,1991-02-05
Reduce_fat,1997-02-27,2068-01-29
Increase_muscle,1995-09-05,1925-06-30
Reduce_fat,1946-07-24,2042-05-16
Reduce_fat,1947-08-10,1966-10-20
Reduce_fat,2067-08-17,1949-02-19
Reduce_fat,2053-11-20,1937-07-02
Reduce_fat,1930-03-31,1996-03-30
Increase_muscle,1908-10-24,1959-08-07
Reduce_fat,1960-04-24,1964-01-04
Reduce_fat,1924-01-25,1966-03-07
Increase_muscle,1929-12-09,1993-11-22
Reduce_fat,1961-10-09,2002-08-21
Reduce_fat,2028-11-05,2008-10-21
Increase_muscle,1948-01-12,1919-08-07
Increase_muscle,2000-11-16,2053-07-26
Reduce_fat,1952-12-08,1975-11-01
Reduce_fat,1973-08-29,2068-04-03
Increase_muscle,2025-08-12,1973-03-19
Increase_muscle,2022-07-11,2019-02-08
Reduce_fat,2003-12-06,1944-04-21
Increase_muscle,1932-10-20,1981-12-29
Reduce_fat,2001-09-16,1924-04-30
Reduce_fat,1954-04-22,2022-02-13
Reduce_fat,1934-07-12,2008-06-08
Increase_muscle,1952-02-22,1982-12-08
Increase_muscle,1984-10-24,2032-10-03
Increase_muscle,1992-02-24,2024-07-23
Reduce_fat,2021-03-02,2020-11-10
Increase_muscle,2044-06-22,1980-08-06
Increase_muscle,2019-01-10,2050-06-16
Reduce_fat,1983-04-17,1939-05-29
Increase_muscle,1973-05-24,1999-04-27
Increase_muscle,1957-03-19,1969-08-12
Reduce_fat,1955-03-31,1972-06-14
Increase_muscle,1985-10-14,1982-08-27
Reduce_fat,1911-06-16,2017-01-08
Increase_muscle,1964-09-05,2066-01-19
Increase_muscle,1991-04-15,1926-10-22
Increase_muscle,2070-02-22,1994-06-15
Reduce_fat,1951-02-04,1996-01-21
Reduce_fat,1972-08-24,1963-07-11
Reduce_fat,2009-05-09,2017-11-07
Reduce_fat,1952-03-15,1954-11-15
Increase_muscle,2050-08-23,2024-07-12
Reduce_fat,1900-04-10,2024-11-17
Reduce_fat,2033-04-05,1911-03-08
Increase_muscle,1911-01-14,1980-01-13
Reduce_fat,2030-11-13,2047-03-04
Increase_muscle,1917-03-21,1935-09-10
Reduce_fat,2068-12-26,1932-08-06
Reduce_fat,2066-09-11,2041-11-25
Increase_muscle,1960-09-13,1938-06-08
Increase_muscle,1915-07-17,1970-07-30
Reduce_fat,2036-02-18,2039-01-07
Increase_muscle,2066-07-16,1926-05-04
Reduce_fat,2034-01-03,1943-02-06
