Cecelia,Olson,log@wedno.ws,Diguj Extension,Sarlejvi,WY
Gene,Sanchez,cedpo@tuata.com,Dojit Manor,Uvjitves,MN
Jayden,Campbell,ceceg@etuk.ae,Veed Pass,Witjako,IA
Addie,Martinez,vip@sivva.vn,Kajoj Mill,Uniniud,WI
Delia,Moran,haozzum@zu.nc,Dunar Drive,Belajtoz,NH
Frank,Ballard,kofafo@ugaci.za,Anfal Heights,Inoubofa,DE
Wesley,Bryant,ewa@kih.tz,Tabaj Pass,Zucujuve,FL
Milton,Grant,ro@igidu.sb,Goibi Manor,Jijurlek,NJ
Nathan,Perkins,fieja@tajhiz.pl,Kancoj Heights,Kififgod,OR
Katie,Barker,abga@ivbit.za,Kaebo Terrace,Unvurban,PA
Alan,Bryan,tipfa@kovmatta.gy,Pugber Loop,Rogifbe,UT
Effie,Doyle,pakcusaw@nah.ar,Uwgi View,Kukogrib,DE
Randall,Dawson,ba@sif.gov,Vufgo Way,Ojipepo,PA
Ian,Gilbert,viwlurnec@mo.bt,Eveeno Court,Hitemir,MO
Francis,Watkins,vef@fo.bq,Zojmu Point,Bavkavov,OK
Madge,Lucas,enmuwef@gukuc.ao,Ditu Parkway,Locugdi,AK
Nannie,Hunter,pamci@cebwuhpe.ru,Heves Road,Cupumva,WY
Jeremiah,Cohen,peez@wingakcef.vg,Zaka Ridge,Urkaewu,DC
Loretta,Daniels,rezim@cepvu.pm,Puzreb Manor,Lezizug,OH
Ronnie,Martin,olawaj@pumca.de,Setru Pike,Ilabaleb,NJ
Ina,Walton,korzegreb@pacfu.sm,Zijwon Way,Jonivi,PA
Lucile,Dixon,kahvig@karijo.cx,Mipmi Way,Wabebi,MT
Ina,Dunn,muhgehwa@deb.rw,Upaca Grove,Zirvetzaj,PA
Vera,Fowler,cudaco@pabu.kn,Otmah River,Bolusun,KS
Delia,Sanders,rapebuah@bec.cf,Fuju Key,Ibcuov,SC
Lucy,Buchanan,eme@ven.cn,Amehe Plaza,Huslouz,NM
Victor,Boone,racor@uzpav.lk,Epke Turnpike,Evvepuc,TN
Leo,Garcia,kocwigu@urowiuwe.cx,Cujedo Road,Ilsiswu,FL
James,Summers,uke@ja.me,Dogcu Heights,Dalhujriv,ID
Dominic,Houston,asacow@ihabe.pe,Notwe Pass,Miokeas,OK
Lenora,Garrett,va@it.ru,Anuda Avenue,Wikafe,VA
Georgie,Newton,kaposove@hum.be,Ikimu Court,Zavuta,CA
Bobby,Ballard,egpif@bubcap.cv,Tegij Parkway,Rodanag,NM
Abbie,Reese,hidzil@pep.kn,Rafap Terrace,Nakerve,VT
Jeremy,Morton,zav@ala.gr,Wotve Heights,Rufadku,OH
Carrie,Fowler,fi@nazgihko.mz,Arace Way,Zehiej,ND
Max,Williams,he@goz.bz,Mahop Extension,Devipli,NJ
Rosa,James,bev@jomif.ua,Furezu Center,Busimci,KY
Dale,Wilkins,gejahik@wa.gp,Sumpeg Turnpike,Dowuhpi,DE
Jimmy,Carson,hig@oz.pe,Mipo Square,Digputgon,DE
May,Lawrence,jevdav@ubapom.tf,Noel Pike,Opiovwut,CT
Lewis,Watson,osa@ene.sd,Sujla Path,Tuimmat,MA
Ola,Page,vuf@moudgo.cz,Zece Square,Lodupku,ID
Mayme,Daniel,udake@he.er,Imuhu Square,Foducu,MO
Sean,Frazier,lanzip@ru.im,Ciztu Circle,Etnopen,MA
Glenn,Crawford,fufdu@nur.eu,Iwded Ridge,Koeruve,KY
Lloyd,Underwood,cu@omomozkam.tt,Ihecab Heights,Cifbudsan,NY
Aaron,Obrien,ci@zopta.hr,Ohurij Road,Hidinjo,NY
Justin,Harvey,cuhga@lud.va,Loga Street,Zargidef,NM
Mary,Taylor,luvdukki@hika.ca,Gekju Trail,Toogki,MA
Justin,Perry,osmejel@awtejo.eu,Mizec Terrace,Izcutode,AL
Annie,Moss,awdaj@umusuccuz.km,Tesi Parkway,Dadcifmo,MD
Herman,Rice,rih@foap.vc,Zufru Drive,Adicebpil,MT
Randy,Vaughn,fep@azzovul.ir,Zouz Loop,Unefifron,SD
Rose,Cooper,lahdu@cekzelze.la,Evunip Terrace,Uhborde,MD
Kathryn,Byrd,ogijonas@fud.se,Fijo Pass,Vifivav,NY
Harriett,Silva,hibpih@foompe.gov,Vupba Grove,Felalso,NY
Ronald,Thompson,ufiwawtom@wijacepa.cl,Kewa Place,Rapoik,AZ
Carlos,Morton,dujvufij@lokpa.wf,Epris Center,Kocuwjam,ID
Don,Parks,so@nu.vu,Jejut Extension,Dopvekeju,MS
Lena,Hunter,eh@saw.at,Ramza Trail,Newada,MA
Cynthia,Blake,lower@fijohka.lc,Ebaju Highway,Ucohiivu,NC
Alma,Cole,afdave@latok.nr,Hedres Key,Zorrobkoj,IL
Loretta,Price,mewgel@nof.zw,Gahet Path,Zezovpoj,WI
Elva,Barnes,cu@kov.sc,Galpal Loop,Jifupiz,PA
Jerome,Sparks,neovha@riho.sc,Zehi Path,Cefreeta,NH
Kate,Chandler,fi@jumsu.ua,Wireb Drive,Nejavhuv,WY
Franklin,Lloyd,podo@hojvuri.ug,Raco Heights,Egrekisi,NJ
Steve,Estrada,mikiz@dud.io,Ganuk Parkway,Hipperben,FL
Hallie,Atkins,wirmur@cegurta.ro,Pesfaf Center,Onipuvik,VA
Virgie,Craig,sidnelono@pahiwsaz.ba,Octu Point,Laejeta,NE
Jay,Tate,kor@la.lu,Lelcec Avenue,Ohelerco,CT
Rebecca,Turner,libcu@fas.bb,Bemsu Plaza,Wutofome,MI
Amy,Shaw,ime@zivuje.id,Noebo Street,Basahiibe,AZ
Jeffrey,Kelly,sukkutic@nafhiz.tr,Mifba Grove,Faganuto,DE
Rodney,Jones,dohrukhid@unwof.nc,Penat Mill,Subecru,NE
Edith,Copeland,pubmigce@omi.gov,Javozo Manor,Detmugaga,TN
Georgie,Johnston,cufsu@gacsici.cm,Picfe Drive,Sobgozwe,HI
Jerry,Cummings,jirki@mecedug.ht,Pucit Lane,Decaiba,MT
Josie,Myers,ruwodval@fobgaavo.ga,Rapgel Center,Haitautu,NC
Theodore,Willis,wozjesaz@kamzek.il,Muhvec Pass,Totvefow,TX
Jeffery,Lee,co@dow.lb,Humu Lane,Obadogi,IL
Jorge,Goodman,ci@etjucva.et,Utcak View,Sozecu,MO
Sallie,Marshall,becol@dul.af,Atpo Glen,Jiebkun,SC
Katharine,Patton,sisawa@lij.hn,Sacwer River,Meldivjag,KS
Herbert,Graham,cevzehoz@navhulil.sm,Dodop Avenue,Faddioji,MT
Lora,Joseph,ber@mu.dj,Kufuhu Heights,Mosaki,TN
Keith,Young,jiwu@tosun.mn,Ofahif Pike,Ufluhnar,IN
Mabel,Wheeler,umabo@bihihza.iq,Jere Highway,Doffamob,HI
Jeff,King,razuc@hup.gh,Coavu Ridge,Kupodic,CO
Jane,Ford,hahre@wu.th,Zeuzu Street,Norabato,WY
Adrian,Wood,rotav@bih.ma,Dotnu Place,Vubowok,NC
Micheal,Valdez,maz@zuprube.bz,Ujobuc Lane,Dinawa,TN
Jon,Gilbert,fujob@zo.lu,Ifile Grove,Fuzedhif,SC
Peter,Lamb,az@ilurap.ke,Wupasa River,Iweuzila,IN
Harriett,Garza,vizevruz@po.ci,Wazo Ridge,Nahewfe,MD
Edith,Greer,bu@leudeozu.ss,Niob Key,Ciwuwo,NV
Edith,Strickland,pa@madmo.so,Wizpos Heights,Omduwpo,ID
Jesse,Thomas,motpa@jib.ie,Welaz View,Owaocugop,OH
Lelia,Jackson,sujocako@ses.dk,Ijner Avenue,Jiagafog,VT
